All Is Dust,7,7,0,0,M,Tribal Sorcery - Eldrazi,Each player sacrifices all colored permanents he or she controls.
Artisan of Kozilek,9,9,10,9,U,Creature - Eldrazi,"When you cast Artisan of Kozilek, you may return target creature card from your graveyard to the battlefield.

Annihilator 2"
Eldrazi Conscription,8,8,0,0,R,Tribal Enchantment - Eldrazi Aura,"Enchant creature

Enchanted creature gets +10/+10 and has trample and annihilator 2."
"Emrakul, the Aeons Torn",15,15,15,15,M,Legendary Creature - Eldrazi,"Emrakul, the Aeons Torn can't be countered.

When you cast Emrakul, take an extra turn after this one.

Flying, protection from colored spells, Annihilator 6

When Emrakul is put into a graveyard from anywhere, its owner shuffles his or her graveyard into his or her library."
Hand of Emrakul,9,9,7,7,C,Creature - Eldrazi,"You may sacrifice four Eldrazi Spawn rather than pay Hand of Emrakul's mana cost.

Annihilator 1"
"Kozilek, Butcher of Truth",10,10,12,12,M,Legendary Creature - Eldrazi,"When you cast Kozilek, Butcher of Truth, draw four cards.

Annihilator 4 (Whenever this creature attacks, defending player sacrifices four permanents.)

When Kozilek is put into a graveyard from anywhere, its owner shuffles his or her graveyard into his or her library."
It That Betrays,12,12,11,11,R,Creature - Eldrazi,"Annihilator 2

Whenever an opponent sacrifices a nontoken permanent, put that card onto the battlefield under your control."
Not Of This World,7,7,0,0,U,Tribal Instant - Eldrazi,"Counter target spell or ability that targets a permanent you control.

Not Of This World costs 7 less to cast if f it targets a spell or ability that targets a creature you control with power 7 or greater."
Pathrazer of Ulamog,11,11,9,9,U,Creature - Eldrazi,"Annihilator 3 (Whenever this creature

attacks, defending player sacrifices three permanents.)

Pathrazer of Ulamog can’t be blocked

except by three or more creatures."
Skittering Invasion,7,7,0,0,U,Tribal Sorcery - Eldrazi,"Put five 0/1 colorless Eldrazi Spawn creature tokens onto the battlefield. They have ""Sacrifice this creature: Add 1 to your mana pool."""
Spawnsire of Ulamog,10,10,7,11,R,Creature - Eldrazi,"Annihilator 1
4: Put two 0/1 colorless Eldrazi Spawn tokens onto the battlefield. They have ""Sacrifice this creature: Add 1 to your mana pool.""
2: Cast any number of Eldrazi cards you own from outside the game without paying their mana costs."
"Ulamog, the Infinite Gyre",11,11,10,10,M,Legendary Creature - Eldrazi,"When you cast Ulamog, the Infinite Gyre, destroy target permanent.

Annihilator 4

Ulamog is indestructible.

When Ulamog is put into a graveyard from anywhere, its owner shuffles his or her graveyard into his or her library."
Ulamog's Crusher,8,8,8,8,C,Creature - Eldrazi,"Annihilator 2

Ulamog's Crusher attacks each turn if able."
Affa Guard Hound,2W,3,0,0,U,Creature - Hound,"Flash

When Affa Guard Hound enters the battlefield, target creature gets +0/+3 until end of turn."
Caravan Escort,W,1,1,1,C,Creature - Human Knight,"Level Up 2

[Level 1-4] | 2/2

[Level 5+] First Strike | 5/5"
Dawnglare Invoker,2W,3,2,1,C,Creature - Kor Wizard,"Flying
8: Tap all creatures target player controls."
Deathless Angel,4WW,6,5,7,R,Creature - Angel,"Flying
WW: Target creature is indestructible this turn."
Demystify,W,1,0,0,C,Instant,Destroy target enchantment.
Eland Umbra,1W,2,0,0,C,Enchantment - Aura,"Enchant creature

Enchanted creature gets +0/+4.

Totem armor"
Emerge Unscathed,W,1,0,0,U,Instant,"Target creature you control gains protection from the color of your choice until end of turn.

Rebound."
Gideon Jura,3WW,5,0,6,M,Planeswalker - Gideon,"[+2]: During target opponent's next turn, creatures that player controls attack Gideon Jura if able.

[-2]: Destroy target tapped creature.

[0]: Until end of turn, Gideon Jura becomes a 6/6 Human Soldier creature that's still a planeswalker. Prevent all damage that would be dealt to him this turn."
Glory Seeker,1W,2,0,0,C,Creature - Human Soldier,""
Guard Duty,W,1,0,0,C,Enchantment - Aura,"Enchant creature

Enchanted creature has defender."
Harmless Assault,2WW,4,0,0,C,Instant,Prevent all combat damage that would be dealt this turn by attacking creatures.
Hedron-Field Purists,2W,3,0,3,R,Creature - Human Cleric,"Level up 2W

[Level 1-4] If a source would deal damage to you or a permanent you control, prevent 1 of that damage. | 1/4

[Level 5+] If a source would deal damage to you or a permanent you control, prevent 2 of that damage. | 2/5"
Hyena Umbra,W,1,0,0,C,Enchantment - Aura,"Enchant creature

Enchanted creature gets +1/+1 and has first strike.

Totem armor (If enchanted creature would be destroyed, instead remove damage from it and destroy this Aura.)"
Ikiral Outrider,1W,2,1,2,C,Creature - Human Soldier,"Level up 4

[Level 1-3] Vigilance | 2/6

[Level 4+] Vigilance | 3/10"
Kabira Vindicator,3W,4,2,4,U,Creature - Human Knight,"Level up 2W

[Level 2-4] Other creatures you control get +1/+1.  | 3/6

[Level 5+] Other creatures you control get +2/+2.  | 4/8"
Knight of Cliffhaven,1W,2,2,2,C,Creature - Kor Knight,"Level up 3

[Level 1-3] Flying | 2/3

[Level 4+] Flying, vigilance | 4/4"
Kor Line-Slinger,1W,2,0,1,C,Creature - Kor Scout,T: Tap target creature with power 3 or less.
Kor Spiritdancer,1W,2,0,2,R,Creature - Kor Wizard,"Kor Spiritdancer gets +2+2 for each Aura attached to it.

Whenever you cast an Aura spell, you may draw a card."
Lightmine Field,2WW,4,0,0,R,Enchantment,"Whenever one or more creatures attack, Lightmine Field deals damage to each of those creatures equal to the number of attacking creatures."
"Linvala, Keeper of Silence",2WW,4,3,4,M,Legendary Creature - Angel,"Flying

Activated abilities of creatures your opponents control can’t be activated."
Lone Missionary,1W,2,2,1,C,Creature - Kor Cleric,"When Lone Missionary enters the battlefield, you gain 4 life."
Luminous Wake,2W,3,0,0,U,Enchantment - Aura,"Enchant creature

Whenever enchanted creature attacks or blocks, you gain 4 life."
Makindi Griffin,3W,4,2,4,C,Creature - Griffin,Flying
Mammoth Umbra,4W,5,0,0,U,Enchantment - Aura,"Enchant creature

Enchanted creature gets +3/+3 and

has vigilance.

Totem armor (If enchanted creature

would be destroyed, instead remove all

damage from it and destroy this Aura.)"
Near-Death Experience,2WWW,5,0,0,R,Enchantment,"At the beginning of your upkeep, if you have exactly 1 life, you win the game."
Nomads' Assembly,4WW,6,0,0,R,Sorcery,"Put a 1/1 white Kor Soldier creature token onto the battlefield for each creature you control.

Rebound"
Oust,W,1,0,0,U,Sorcery,Put target creature on top of its owner's library second from the top. Its controller gains 3 life.
Puncturing Light,1W,2,0,0,C,Instant,Destroy target attacking or blocking creature with power 3 or less.
Repel the Darkness,2W,3,0,0,L,Instant,"Tap up to two target creatures.

Draw a card."
Smite,W,1,0,0,C,Instant,Destroy target blocked creature.
Soul's Attendant,W,1,1,1,C,Creature - Human Cleric,"Whenever another creature enters the battlefield, you may gain 1 life."
Soulbound Guardians,4W,5,4,5,U,Creature - Kor Spirit,"Defender, flying"
Stalwart Shield-Bearers,1W,2,0,3,C,Creature - Human Soldier,"Defender

Other creatures you control with defender get +0/+2."
Student of Warfare,W,1,1,1,R,Creature - Human Knight,"Level up W

[Level 2-6] First strike | 3/3

[Level 7+] Double strike | 4/4"
Survival Cache,2W,3,0,0,U,Sorcery,"You gain 2 life. Then if you have more life than an opponent, draw a card.

Rebound (If you cast this spell from your hand, exile it as it resolves. At the beginning of your next upkeep, you may cast this card from exile without paying its mana cost.)"
Time of Heroes,1W,2,0,0,U,Enchantment,Each creature you control with a level counter on it gets +2/+2.
Totem-Guard Hartbeest,4W,5,2,5,C,Creature - Antelope,"When Totem-Guard Hartbeest enters the battlefield, you may search your library for an Aura card, reveal it, put it into your hand, then shuffle your library."
Transcendent Master,1WW,3,3,3,M,Creature - Human Cleric Avatar,"Level up 1

[Level 6-11] Lifelink | 6/6

[Level 12+] Lifelink

Transcendent Master is indestructible. | 9/9"
Umbra Mystic,2W,3,2,2,R,Creature - Human Wizard,Auras attached to permanents you control have totem armor.
Wall of Omens,1W,2,0,4,U,Creature - Wall,"Defender

When Wall of Omens enters the battlefield, draw a card."
Aura Finesse,U,1,0,0,C,Instant,"Attach target Aura you control to target creature.

Draw a card."
Cast Through Time,4UUU,7,0,0,M,Enchantment,"Instant and sorcery spells you control have rebound. (Exile the spell as it resolves if you cast it from your hand. At the beginning of your next upkeep, you may cast that card from exile without paying its mana cost.)"
Champion's Drake,1U,2,1,1,C,Creature - Drake,"Flying

Champion's Drake gets +3/+3 as long as you control a creature with three or more level counters on it."
Coralhelm Commander,UU,2,2,2,R,Creature - Merfolk Soldier,"Level up 1

[Level 2-3] : Flying | 3/3

[Level 4+] : Flying, other Merfolk you control get +1/+1. | 4/4."
Crab Umbra,U,1,0,0,U,Enchantment - Aura,"Enchant creature
2U: Untap enchanted creature.

Totem armor"
Deprive,UU,2,0,0,C,Instant,"As an additional cost to cast Deprive, return a land you control to its owner's hand.

Counter target spell."
Distortion Strike,U,1,0,0,C,Sorcery,"Target creature gets +1/+0 until end of turn and is unblockable this turn.

Rebound"
Domestication,2UU,4,0,0,U,Enchantment - Aura,"Enchant creature

You control enchanted creature.

At the beginning of your end step, if enchanted creature's power is 4 or greater, sacrifice Domestication."
Dormant Gomazoa,1UU,3,5,5,R,Creature - Jellyfish,"Flying

Dormant Gomazoa enters the battlefield tapped.

Dormant Gomazoa doesn't untap during your untap step.

Whenever you become the target of a spell, you may untap Dormant Gomazoa."
Drake Umbra,4U,5,0,0,U,Enchantment - Aura,"Enchant creature

Enchanted creature gets +3/+3 and has flying.

Totem armor"
Echo Mage,1UU,3,2,3,R,Creature - Human Wizard,"Level up 1U

[Level 2-3] UU, T: Copy target instant or sorcery spell. You may choose new targets for the copy. | 2/4

[Level 4+] UU, T: Copy target instant or sorcery spell twice. You may choose new targets for the copies. | 2/5"
Eel Umbra,1U,2,0,0,C,Enchantment - Aura,"Flash

Enchant creature

Enchanted creature gets +1/+1.

Totem armor"
Enclave Cryptologist,U,1,0,1,U,Creature - Merfolk Wizard,"Level up 1U

[Level 1-2] T: Draw a card, then discard a card. | 0/1

[Level 3+] T: Draw a card. | 0/1"
Fleeting Distraction,U,1,0,0,C,Instant,"Target creature gets -1/-0 until end of turn.

Draw a card."
Frostwind Invoker,4U,5,3,3,C,Creature - Merfolk Wizard,"Flying
8: Creatures you control gain flying until end of turn."
Gravitational Shift,3UU,5,0,0,R,Enchantment,"Creatures with flying get +2/+0.

Creatures without flying get -2/-0."
Guard Gomazoa,2U,3,1,3,U,Creature - Jellyfish,"Defender, flying

Prevent all combat damage that would be dealt to Guard Gomazoa."
Hada Spy Patrol,1U,2,1,1,U,Creature - Human Rogue,"Level up 2U

[Level 1-2] Hada Spy Patrol is unblockable. | 2/2

[Level 3+] Shroud

Hada Spy Patrol is unblockable. | 3/3"
Halimar Wavewatch,1U,2,0,3,C,Creature - Merfolk Soldier,"Level up 2

[Level 1-4]  0/6

[Level 5+] Islandwalk | 6/6"
Jwari Scuttler,2U,3,0,0,C,Creature - Crab,""
Lay Bare,2UU,4,0,0,C,Instant,Counter target spell. Look at its controller's hand.
Lighthouse Chronologist,1U,2,1,3,M,Creature - Human Wizard,"Level up U

[Level 4-6] | 2/4

[Level 7+] At the beginning of each end step, if it's not your turn, take an extra turn after this one. | 3/5"
Merfolk Observer,1U,2,2,1,C,Creature - Merfolk Rogue,"When Merfolk Observer enters the battlefield, look at the top card of target player's library"
Merfolk Skyscout,2UU,4,0,0,U,Creature - Merfolk Scout,"Flying

Whenever Merfolk Skyscout attacks or blocks, untap target permanent."
Mnemonic Wall,4U,5,0,4,C,Creature - Wall,"Defender

When Mnemonic Wall enters the battlefield, you may return target instant or sorcery card from your graveyard to your hand."
Narcolepsy,1U,2,0,0,C,Enchantment - Aura,"Enchant Creature

At the beginning of each upkeep, if enchanted creature is untapped, tap it."
Phantasmal Abomination,1UU,3,5,5,U,Creature - Illusion,"Defender

When Phantasmal Abomination becomes the target of a spell or ability, sacrifice it."
Reality Spasm,XUU,3,0,0,U,Instant,Choose one - Tap X target permanents; or untap X target permanents.
Recurring Insight,4UU,6,0,0,R,Sorcery,"Draw cards equal to the number of cards in target opponent's hand.

Rebound"
Regress,2U,3,0,0,C,Instant,Return target permanent to its owner's hand.
Renegade Doppelganger,1U,2,0,0,R,Creature - Shapeshifter,"Whenever another creature enters the battlefield under your control, you may have Renegade Doppelganger become a copy of that creature until end of turn. (If it does, it loses this ability for the rest of the turn.)"
Sea Gate Oracle,2U,3,1,3,C,Creature - Human Wizard,"When Sea Gate Oracle enters the battlefield, look at the top two cards of your library. Put one of them into your hand and the other on the bottom of your library."
See Beyond,1U,2,0,0,C,Sorcery,"Draw two cards, then shuffle a card from your hand into your library."
Shared Discovery,U,1,0,0,C,Sorcery,"As an additional cost to cast Shared Discovery, tap four untapped creatures you control.

Draw three cards."
Skywatcher Adept,U,1,1,1,C,Creature - Merfolk Soldier,"Level up 3

[Level 1-2] : Flying (2/2)

[Level 3+] : Flying (4/2)"
Sphinx of Magosi,3UUU,6,6,6,R,Creature - Sphinx,"Flying
2U : Draw a card and put a +1/+1 counter on Sphinx of Magosi."
Surrakar Spellblade,1UU,3,2,1,R,Creature - Surrakar,"Whenever you cast an instant or sorcery spell, you may put a charge counter on Surrakar Spellblade.

Whenever Surrakar Spellblade deals combat damage to a player, you may draw X cards, where X is equal to the number of charge counters on it."
Training Grounds,U,1,0,0,R,Enchantment,Activated abilities of creatures you control cost up to 2 less to activate. This effect can't reduce the amount of mana an ability costs to activate to less than one mana.
Unified Will,1U,2,0,0,U,Instant,Counter target spell if you control more creatures than that spell's controller.
Venerated Teacher,2U,3,2,2,C,Creature - Human Wizard,"When Venerated Teacher enters the battlefield, put two level counters on each creature you control with level up."
Arrogant Bloodlord,1BB,3,4,4,U,Creature - Vampire Knight,"Whenever Arrogant Bloodlord blocks or becomes blocked by a creature with power 1 or less, destroy Arrogant Bloodlord at end of combat."
Bala Ged Scorpion,3B,4,2,3,C,Creature - Scorpion,"When Bala Ged Scorpion enters the battlefield, you may destroy target creature with power 1 or less."
Baneful Omen,4BBB,7,0,0,R,Enchantment,"At the beginning of your end step, you may reveal the top card of your library. If you do, each opponent loses life equal to that card's converted mana cost."
Bloodrite Invoker,2B,3,3,1,C,Creature - Vampire Shaman,8: Target player loses 3 life and you gain 3 life.
Bloodthrone Vampire,1B,2,1,1,C,Creature - Vampire,Sacrifice a creature: Bloodthrone Vampire gets +2/+2 until end of turn.
Cadaver Imp,1BB,3,1,1,C,Creature - Imp,"Flying

When Cadaver Imp enters the battlefield, return target creature card from your graveyard to your hand."
Consume the Meek,3BB,5,0,0,R,Instant,Destroy all creatures with converted mana cost 3 or less. They can't be regenerated.
Consuming Vapors,3B,4,0,0,R,Sorcery,"Target player sacrifices a creature. You gain life equal to that creature's toughness.

Rebound"
Contaminated Ground,1B,2,0,0,C,Enchantment - Aura,"Enchant land

Enchanted land is a Swamp.

Whenever enchanted land becomes tapped, its controller loses 2 life."
Corpsehatch,3BB,5,0,0,U,Sorcery,"Destroy target nonblack creature.

Put two 0/1 colorless Eldrazi Spawn

creature tokens onto the battlefield. They have “Sacrifice this creature:

Add 1 to your mana pool.”"
Curse of Wizardry,2BB,4,0,0,U,Enchantment,"As Curse of Wizardry enters the battlefield, choose a color.

Whenever a player casts a spell of the chosen color, that player loses 1 life."
Death Cultist,B,1,1,1,C,Creature - Human Wizard,Sacrifice Death Cultist: Target player loses 1 life and you gain 1 life.
Demonic Appetite,B,1,0,0,C,Enchantment - Aura,"Enchant creature you control

Enchanted creature gets +3/+3.

At the beginning of your upkeep, sacrifice a creature."
"Drana, Kalastria Bloodchief",3BB,5,4,4,R,Legendary Creature - Vampire Shaman,"Flying
XBB: Target creature gets -0/-X until end of turn and Drana, Kalastria Bloodchief gets +X/+0 until end of turn."
Dread Drone,4B,5,4,1,C,Creature - Eldrazi Drone,"When Dread Drone enters the battlefield put two 0/1 colorless Eldrazi Spawn creature tokens onto the battlefield. They have ""Sacrifice this creature: Add 1 to your mana pool."""
Escaped Null,3B,4,1,2,U,Creature - Zombie Berserker,"Lifelink

Whenever Escaped Null blocks or becomes blocked, it gets +5/+0 until end of turn."
Essence Feed,5B,6,0,0,C,Sorcery,"Target player loses 3 life. You gain 3 life and put three 0/1 colorless Eldrazi Spawn creature tokens onto the battlefield. They have ""Sacrifice this creature: Add 1 to your mana pool."""
Gloomhunter,2B,3,2,1,C,Creature - Bat,Flying
Guul Draz Assassin,B,1,1,1,R,Creature - Vampire Assassin,"Level up 1B(1B: Put a Level counter on this. Level up only as a sorcery.)

[Level 2-3] B, T: Target creature gets -2/-2 until end of turn. | 2/2

[Level 4+] B, T: Target creature gets -4/-4 until end of turn. | 4/4"
Hellcarver Demon,3BBB,6,6,6,M,Creature - Demon,"Flying

Whenever Hellcarver Demon deals combat damage to a player, sacrifice all other permanents you control and discard your hand. Exile the top six cards of your library. You may cast any number of nonland cards exiled this way without paying their mana costs."
Induce Despair,2B,3,0,0,C,Instant,"As an additional cost to cast Induce Despair, reveal a creature card from your hand.

Target creature gets -X/-X until end of turn, where X is the revealed card's converted mana cost."
Inquisition of Kozilek,B,1,0,0,U,Sorcery,Target player reveals his or her hand. You choose a nonland card from it with converted mana cost 3 or less. That player discards that card.
Last Kiss,2B,3,0,0,C,Instant,Last Kiss deals 2 damage to target creature and you gain 2 life.
Mortician Beetle,B,1,1,1,R,Creature - Insect,"Whenever a player sacrifices a creature, you may put a +1/+1 counter on Mortician Beetle."
Nighthaze,B,1,0,0,C,Sorcery,"Target creature gains swampwalk until end of turn.

Draw a card."
Nirkana Cutthroat,2B,3,3,2,U,Creature - Vampire Warrior,"Level up 2B

[Level 1-2] Deathtouch | 4/3

[Level 3+] First strike, Deathtouch | 5/4"
Nirkana Revenant,4BB,6,4,4,M,Creature - Vampire Shade,"Whenever you tap a Swamp for mana, add B to your mana pool (in addition to the mana the land produces).
B: Nirkana Revenant gets +1/+1 until end of turn."
Null Champion,1B,2,1,1,C,Creature - Zombie Warrior,"Level up 3

[Level 1-3]: 4/2

[Level 4+]: B: Regenerate Null Champion | 7/3"
Pawn of Ulamog,1BB,3,2,2,U,Creature - Vampire Shaman,"Whenever Pawn of Ulamog or another nontoken creature you control is put into a graveyard from the battlefield, you may put a 0/1 colorless Eldrazi Spawn creature token onto the battlefield. It has ""Sacrifice this creature: Add 1 to your mana pool."""
Perish the Thought,2B,3,0,0,C,Sorcery,Target opponent reveals his or her hand. Choose a card from it. That player shuffles that card into his or her library.
Pestilence Demon,5BBB,8,7,6,R,Creature - Demon,"Flying
B: Pestilence Demon deals 1 damage to each creature and each player."
Repay In Kind,5BB,7,0,0,R,Sorcery,Each player’s life total becomes the lowest life total among all players.
Shrivel,1B,2,0,0,C,Sorcery,All creatures get -1/-1 until end of turn.
Skeletal Wurm,7B,8,7,6,U,Creature - Skeleton Wurm,B: Regenerate Skeletal Wurm.
Suffer the Past,XB,2,0,0,U,Instant,"Exile X target cards from target player’s graveyard. For each card exiled this way, that player loses 1 life and you gain 1 life."
Thought Gorger,2BB,4,2,2,R,Creature - Horror,"Trample

When Thought Gorger enters the battlefield, put a +1/+1 counter on it for each card in your hand. If you do, discard your hand.

When Thought Gorger leaves the battlefield, draw a card for each +1/+1 counter on it."
Vendetta,B,1,0,0,C,Instant,Destroy target nonblack creature. It can't be regenerated. You lose life equal to that creature's toughness.
Virulent Swipe,B,1,0,0,U,Instant,"Target creature gets +2/+0 and gains deathtouch until end of turn.

Rebound (If you cast this spell from your hand, exile it as it resolves. At the beginning of your next upkeep, you may cast this card from exile without paying its mana cost.)"
Zof Shade,3B,4,2,2,C,Creature - Shade,2B: Zof Shade gets +2/+2 until end of turn.
Zulaport Enforcer,B,1,1,1,C,Creature - Human Warrior,"Level up 4

[Level 1-2] | 3/3

[Level 3+] Zulaport Enforcer can't be blocked except by black creatures. | 5/5"
Akoum Boulderfoot,4RR,6,4,5,U,Creature - Giant Warrior,"When Akoum Boulderfoot enters the battlefield, it deals 1 damage to target creature or player."
Battle Rampart,2R,3,1,3,C,Creature - Wall,"Defender
T: Target creature gains haste until end of turn."
Battle-Rattle Shaman,3R,4,2,2,C,Creature - Goblin Shaman,"At the beginning of combat on your turn, you may have target creature get +2/+0 until end of turn."
Brimstone Mage,2R,3,2,2,U,Creature - Human Shaman,"Level up 3R

[Level 1-2] T: Brimstone Mage deals 1 damage to target creature or player. | 2/3

[Level 3+] T: Brimstone Mage deals 3 damage to target creature or player. | 2/4"
Brood Birthing,1R,2,0,0,C,Sorcery,"If you control at least one 0/1 Eldrazi Spawn creature token, put 3 0/1 colorless Eldrazi Spawn creature tokens onto the battlefield. They have ""Sacrifice this creature: Add 1 to your mana pool."" Otherwise, put one of those tokens onto the battlefield."
Conquering Manticore,4RR,6,0,0,R,Creature - Manticore,"Flying

When Conquering Manticore enters the battlefield, gain control of target creature an opponent controls until end of turn. Untap that creature. It gains haste until end of turn."
Devastating Summons,R,1,0,0,R,Sorcery,"As an additional cost to cast Devastating Summons, sacrifice X lands.

Put two X/X red Elemental creature tokens onto the battlefield."
Disaster Radius,5RR,7,0,0,R,Sorcery,"As an additional cost to cast Disaster Radius, reveal a creature card from your hand.

Disaster Radius deals X damage to each creature your opponents control, where X is the revealed card's converted mana cost."
Emrakul's Hatcher,4R,5,3,3,C,Creature - Eldrazi Drone,"When Emrakul's Hatcher enters the battlefield, put three 0/1 colorless Eldrazi Spawn creature tokens onto the battlefield. They have ""Sacrifice this creature: Add 1 to your mana pool."""
Explosive Revelation,3RR,5,0,0,U,Sorcery,Choose target creature or player. Reveal cards from the top of your library until you reveal a nonland card. Explosive Revelation deals damage equal to that card's converted mana cost to that creature or player. Put that nonland card into your hand and the rest on the bottom of your library in any order.
Fissure Vent,3RR,5,0,0,C,Sorcery,Choose one or both - Destroy target artifact; and/or destroy target nonbasic land.
Flame Slash,R,1,0,0,C,Sorcery,Flame Slash deals 4 damage to target creature.
Forked Bolt,R,1,0,0,U,Sorcery,Forked Bolt deals 2 damage divided as you choose among one or two target creatures and/or players.
Goblin Arsonist,R,1,0,0,C,Creature - Goblin Shaman,"When Goblin Arsonist is put into a graveyard from the battlefield, you may have it deal 1 damage to target creature or player."
Goblin Tunneler,1R,2,1,1,C,Creature - Goblin Rogue,T: Target creature with power 2 or less is unblockable this turn.
Grotag Siege-Runner,1R,2,2,1,C,Creature - Goblin Rogue,"R, Sacrifice Grotag Siege-Runner: Destroy target creature with defender. Grotag Siege-Runner deals 2 damage to that creature's controller."
Heat Ray,XR,2,0,0,C,Instant,Heat Ray deals X damage to target creature.
Hellion Eruption,5R,6,0,0,R,Sorcery,"Sacrifice all creatures you control, then put that many 4/4 red Hellion creature tokens onto the battlefield."
Kargan Dragonlord,RR,2,2,2,M,Creature - Human Warrior,"Level up R

[Level 4-7] Flying | 4/4

[Level 8+] Flying, trample
R: Kargan Dragonlord gets +1/+0 until end of turn. | 8/8"
Kiln Fiend,1R,2,1,2,C,Creature - Elemental Beast,"Whenever you cast an instant or sorcery spell, Kiln Fiend gets +3/+0 until end of turn."
Lagac Lizard,3R,4,0,0,C,Creature - Lizard,""
Lavafume Invoker,2R,3,2,2,C,Creature - Goblin Shaman,8: Creatures you control get +3/+0 until end of turn.
Lord of Shatterskull Pass,3R,4,3,3,R,Creature - Minotaur Shaman,"Level up 1R

[Level 1-5] (6/6)

[Level 6+] Whenever Lord of Shatterskull Pass attacks, it deals 6 damage to each creature defending player controls. (6/6)"
Lust for War,2R,3,0,0,U,Enchantment - Aura,"Enchant creature

Whenever enchanted creature becomes tapped, Lust for War deals 3 damage to that creature's controller.

Enchanted creature attacks each turn if able."
Magmaw,3RR,5,4,4,R,Creature - Elemental,"1, Sacrifice a nonland permanent: Magmaw deals 1 damage to target creature or player."
Ogre Sentry,1R,2,3,3,C,Creature - Ogre Warrior,Defender
Rage Nimbus,2R,3,0,0,R,Creature - Elemental,"Defender, flying
1R: Target creature attacks this turn if able."
Raid Bombardment,2R,3,0,0,C,Enchantment,"Whenever a creature you control with power 2 or less attacks, Raid Bombardment deals 1 damage to defending player."
Rapacious One,5R,6,5,4,U,Creature - Eldrazi Drone,"Trample

Whenever Rapacious One deals combat damage to a player, put that many 0/1 colorless Eldrazi Spawn creature tokens onto the battlefield. They have ""Sacrifice this creature: Add 1 to your mana pool."""
Soulsurge Elemental,3R,4,0,1,U,Creature - Elemental,"First strike

Soulsurge Elemental's power is equal to the number of creatures you control."
Spawning Breath,1R,2,0,0,C,Instant,"Spawning Breath deals 1 damage to target creature or player. Put a 0/1 colorless Eldrazi Spawn creature token with ""Sacrifice this creature: Add 1 to your mana pool"" into play."
Splinter Twin,2RR,4,0,0,R,Enchantment - Aura,"Enchant creature

Enchanted creature has ""T: Put a  token which is a copy of this creature onto the battlefield. That token has haste. Exile it at the beginning of the next end step."""
Staggershock,2R,3,0,0,C,Instant,"Staggershock deals 2 damage to target creature or player.

Rebound"
Surreal Memoir,3R,4,0,0,U,Sorcery,"Return an instant card at random from your graveyard to your hand.

Rebound"
Traitorous Instinct,3R,4,0,0,U,Sorcery,"Gain control of target creature until end of turn. Untap that creature. Until end of turn, it gets +2/+0 and gains haste."
Tuktuk the Explorer,2R,3,1,1,R,Legendary Creature - Goblin,"Haste

When Tuktuk the Explorer is put into a graveyard from the battlefield, put a legendary 5/5 colorless Goblin Golem artifact creature token named Tuktuk the Returned onto the battlefield."
Valakut Fireboar,4R,5,1,7,U,Creature - Elemental Boar,"Whenever Valakut Fireboar attacks,

switch its power and toughness

until end of turn."
Vent Sentinel,3R,4,2,4,C,Creature - Elemental,"Defender
1R, T: Vent Sentinel deals damage to target player equal to the number of creatures with defender you control."
World at War,3RR,5,0,0,R,Sorcery,"After the first postcombat main phase this turn, there's an additional combat phase followed by an additional main phase. At the beginning of that combat, untap all creatures that attacked this turn.

Rebound (If you cast this spell from your hand, exile it as it resolves. At the beginning of your next upkeep, you may cast this card from exile without paying its mana cost.)"
Wrap in Flames,3R,4,0,0,C,Sorcery,Wrap in Flames deals 1 damage to each of up to three target creatures. Those creatures can’t block this turn.
Ancient Stirrings,G,1,0,0,C,Sorcery,Look at the top five cards of your library. You may reveal a colorless card from among them and put it into your hand. Then put the rest on the bottom of your library in any order.
Aura Gnarlid,2G,3,2,2,C,Creature - Beast,"Creatures with power less than Aura Gnarlid's power can't block it.

Aura Gnarlid gets +1/+1 for each Aura on the battlefield."
Awakening Zone,2G,3,0,0,R,Enchantment,"At the beginning of your upkeep, you may put a 0/1 colorless Eldrazi Spawn creature token onto the battlefield. It has ""Sacrifice this creature: Add 1 to your mana pool."""
Bear Umbra,2GG,4,0,0,R,Enchantment - Aura,"Enchant creature

Enchanted creature gets +2/+2 and has ""Whenever this creature attacks, untap all lands you control.""

Totem armor"
Beastbreaker of Bala Ged,1G,2,2,2,U,Creature - Human Warrior,"Level up 2G(2G: Put a Level counter on this. Level up only as a sorcery.)

[Level 1-3]   | 4/4

[Level 4+]   Trample   | 6/6"
Boar Umbra,2G,3,0,0,U,Enchantment - Aura,"Enchant creature

Enchanted creature gets +3/+3.

Totem armor"
Bramblesnap,1G,2,1,1,U,Creature - Elemental,"Trample

Tap an untapped creature you control: Bramblesnap gets +1/+1 until end of turn."
Broodwarden,3GG,5,4,4,U,Creature - Eldrazi Drone,Eldrazi Spawn creatures you control get +2/+1.
Daggerback Basilisk,2G,3,2,2,C,Creature - Basilisk,Deathtouch
Gelatinous Genesis,XXG,3,0,0,R,Sorcery,Put X X/X green Ooze creature tokens onto the battlefield.
Gigantomancer,7G,8,1,1,R,Creature - Human Shaman,1: Target creature you control becomes 7/7 until end of turn.
Gravity Well,1GG,3,0,0,U,Enchantment,"Whenever a creature with flying attacks, it loses flying until end of turn."
Growth Spasm,2G,3,0,0,C,Sorcery,"Search your library for a basic land card and put it into play tapped. Then shuffle your library.

Put a 0/1 colorless Eldrazi Spawn creature token onto the battlefield. It has ""Sacrifice this creature: Add 1 to your mana pool."""
Haze Frog,3GG,5,2,1,C,Creature - Frog,"Flash

When Haze Frog enters the battlefield, prevent all combat damage that other creatures would deal this turn."
Irresistible Prey,G,1,0,0,U,Sorcery,"Target creature must be blocked this turn if able.

Draw a card."
Jaddi Lifestrider,4G,5,2,8,U,Creature Elemental,"When Jaddi Lifestrider enters the battlefield, you may tap any number of untapped creatures you control. You gain 2 life for each creature tapped this way."
Joraga Treespeaker,G,1,1,1,U,Creature - Elf Druid,"Level up 1G

[Level 1-4] T: Add GG to your mana pool.  | 1/2

[Level 5+] Elves you control have ""T: Add GG to your mana pool."" | 1/4"
Kazandu Tuskcaller,1G,2,1,1,R,Creature - Human Shaman,"Level up 1G

[Level 2-5] T: Put a 3/3 green Elephant creature token onto the battlefield. | 1/1

[Level 6+] T: Put two 3/3 green Elephant creature tokens onto the battlefield. | 1/1"
Khalni Hydra,GGGGGGGG,8,8,8,M,Creature - Hydra,"Khalni Hydra costs G less to cast for each green creature you control.

Trample"
Kozilek's Predator,3G,4,0,0,C,Creature - Eldrazi Drone,"When Kozilek's Predator enters the battlefield, put two 0/1 colorless Eldrazi Spawn creature tokens onto the battlefield. They have ""Sacrifice this creature: Add 1 to your mana pool."""
Leaf Arrow,G,1,0,0,C,Instant,Leaf Arrow deals 3 damage to target creature with flying.
Living Destiny,3G,4,0,0,C,Instant,"As an additional cost to cast Living Destiny, reveal a creature card from your hand.

You gain life equal to the revealed card's converted mana cost."
Might of the Masses,G,1,0,0,C,Instant,Target creature gets +1/+1 until end of turn for each creature you control.
Momentous Fall,2GG,4,0,0,R,Instant,"As an additional cost to cast Momentous Fall, sacrifice a creature.

You draw cards equal to the sacrificed creature's power, then you gain life equal to its toughness."
Mul Daya Channelers,1GG,3,2,2,R,Creature - Elf Druid Shaman,"Play with the top card of your library revealed.

As long as the top card of your library is a creature card, Mul Daya Channelers gets +3/+3.

As long as the top card of your library is a land card, Mul Daya Channelers has ""T: Add two mana of any one color to your mana pool."""
Naturalize,1G,2,0,0,C,Instant,Destroy target artifact or enchantment.
Nema Siltlurker,4G,5,3,5,C,Creature - Lizard,""
Nest Invader,1G,2,2,2,C,Creature - Eldrazi Drone,"When Nest Invader enters the battlefield, put a 0/1 colorless Eldrazi Spawn creature token onto the battlefield. It has ""Sacrifice this creature: Add 1 to your mana pool."""
Ondu Giant,3G,4,2,4,C,Creature - Giant,"When Ondu Giant enters the battlefield, search your library for a basic land card and put that card onto the battlefield tapped. Then shuffle your library."
Overgrown Battlement,1G,2,0,4,C,Creature - Wall,"Defender
T: Add G to your mana pool for each creature with defender you control."
Pelakka Wurm,4GGG,7,7,7,U,Creature - Wurm,"Trample

When Pelakka Wurm enters the battlefield, you gain 7 life.

When Pelakka Wurm is put into a graveyard from the battlefield, draw a card."
Prey's Vengeance,G,1,0,0,U,Instant,"Target creature gets +2/+2 until end of turn.

Rebound (If you cast this spell from your hand, exile it as it resolves. At the beginning of your next upkeep, you may cast this card from exile without paying its mana cost.)"
Realms Uncharted,2G,3,0,0,R,Instant,Search your library for four land cards with different names and reveal them. An opponent chooses two of those cards. Put the chosen cards into the graveyard and the rest into your hand. Then shuffle your library.
Snake Umbra,2G,3,0,0,C,Enchantment - Aura,"Enchant creature

Enchanted creature gets +1/+1 and has ""Whenever this creature deals damage to an opponent, you may draw a card.""

Totem armor (If enchanted creature would be destroyed, instead remove all damage from it and destroy this Aura.)"
Spider Umbra,G,1,0,0,C,Enchantment - Aura,"Enchanted creature gets +1+1 and has reach.

Totem armor"
Sporecap Spider,2G,3,1,5,C,Creature - Spider,Reach
Stomper Cub,3GG,5,5,3,C,Creature - Beast,Trample
Tajuru Preserver,1G,2,0,0,R,Creature - Elf Shaman,Spells and abilities your opponents control can't cause you to sacrifice permanents.
Vengevine,2GG,4,4,3,M,Creature - Elemental,"Haste

Whenever you cast a spell, if it's the second creature spell you cast this turn, you may return Vengevine from the graveyard to the battlefield."
Wildheart Invoker,2GG,4,4,3,C,Creature - Elf Shaman,8: Target creature gets +5/+5 and gains trample until end of turn.
Sarkhan the Mad,3BR,5,0,7,M,Planeswalker - Sarkhan,"[0]: Reveal the top card of your library and put it into your hand. Sarkhan the Mad deals damage to himself equal to that card's converted mana cost.

[-2]: Target creature's controller sacrifices it, then that player puts a 5/5 red Dragon creature token with flying onto the battlefield.

[-4]: Each Dragon creature you control deals damage equal to its power to target player."
Angelheart Vial,5,5,0,0,R,Artifact,"Whenever you're dealt damage, you may put that many charge counters on Angelheart Vial.
2, T, Remove four charge counters from Angelheart Vial: You gain 2 life and draw a card."
Dreamstone Hedron,6,6,0,0,U,Artifact,"T: Add 3 to your mana pool.
3, T, Sacrifice Dreamstone Hedron: Draw three cards."
Enatu Golem,6,6,3,5,U,Artifact Creature - Golem,"When Enatu Golem is put into a graveyard from the battlefield, you gain 4 life."
Hedron Matrix,4,4,0,0,R,Artifact - Equipment,"Equipped creature gets +X/+X, where X is its converted mana cost.

Equip 4"
Keening Stone,6,6,0,0,R,Artifact,"5, T: Target player puts the top X cards of his or her library into his or her graveyard, where X is the number of cards in that player's graveyard."
Ogre's Cleaver,2,2,0,0,U,Artifact - Equipment,"Equipped creature gets +5/+0

Equip 5"
Pennon Blade,3,3,0,0,U,Artifact - Equipment,"Equipped creature gets +1/+1 for each creature you control.

Equip 4"
Prophetic Prism,2,2,0,0,C,Artifact,"When Prophetic Prism enters the battlefield, draw a card.
1, T: Add one mana of any color to your mana pool."
Reinforced Bulwark,3,3,0,4,C,Artifact Creature - Wall,"Defender
T: Prevent the next 1 damage that would be dealt to you this turn."
Runed Servitor,2,2,2,2,U,Artifact Creature - Construct,"When Runed Servitor is put into a graveyard from the battlefield, each player draws a card."
Sphinx-Bone Wand,7,7,0,0,R,Artifact,"Whenever you cast an instant or sorcery spell, you may put a charge counter on Sphinx-Bone Wand. If you do, Sphinx-Bone Wand deals damage to target creature or player equal to the number of charge counters on it."
Warmonger's Chariot,2,2,0,0,U,Artifact - Equipment,"Equipped creature gets +2/+2.

As long as equipped creature has defender, it can attack as though it didn't have defender.

Equip 3"
Eldrazi Temple,"",0,0,0,R,Land,"T: Add 1 to your mana pool.
T: Add 2 to your mana pool. Spend this mana only to cast colorless Eldrazi spells or activate abilities of colorless Eldrazi."
Evolving Wilds,"",0,0,0,C,Land,"T, Sacrifice Evolving Wilds: Search your library for a basic land card and put it onto the battlefield tapped. Then shuffle your library."
Plains,"",0,0,0,L,Basic Land - Plains,""
Island,"",0,0,0,L,Basic Land - Island,""
Swamp,"",0,0,0,L,Basic Land - Swamp,""
Mountain,"",0,0,0,L,Basic Land - Mountain,""
Forest,"",0,0,0,L,Basic Land - Forest,""
